product_id,category,name
P001,Electronics,Wireless Headphones
P002,Electronics,Laptop Stand
P003,Office,Ergonomic Chair
P004,Office,Standing Desk
P005,Accessories,USB-C Hub
P006,Accessories,Mechanical Keyboard
P007,Electronics,Monitor Arm
P008,Office,Whiteboard
P009,Accessories,Cable Management Kit
P010,Electronics,Webcam
